{
  "cmd/oiax/main.go": 1783562252.981862,
  "internal/config/config.go": 1783562028.2763186,
  "internal/config/config_test.go": 1783562294.2749374,
  "internal/cli/version.go": 1783562243.386738,
  "internal/cli/plan.go": 1783562222.9298372,
  "internal/cli/graph.go": 1783562241.0222511,
  "internal/cli/validate.go": 1783562217.7711756,
  "internal/cli/reconcile.go": 1783562226.9174676,
  "internal/cli/cli_test.go": 1783562360.4731667,
  "internal/cli/root.go": 1783562212.6059911,
  "internal/cli/gendocs.go": 1783562251.4159148,
  "internal/version/version.go": 1783562186.6865604,
  "internal/forge/forge.go": 1783562176.1229823,
  "internal/forge/github/github.go": 1783562184.5269387,
  "internal/engine/plan.go": 1783562161.5391254,
  "internal/engine/types.go": 1783562101.510416,
  "internal/engine/validate_test.go": 1783562326.8670683,
  "internal/engine/graph.go": 1783562078.670172,
  "internal/engine/plan_test.go": 1783562337.9743207,
  "internal/engine/validate.go": 1783562068.3917897,
  "internal/git/git.go": 1783562157.3892472,
  "pkg/api/v1alpha1/types.go": 1783561999.7531085,
  "CHANGELOG.md": 1783564918.741758,
  "README.md": 1783562536.1256497,
  "RELEASE.md": 1783564946.154397,
  "CONTRIBUTING.md": 1783562671.6823902,
  "AGENTS.md": 1783564948.9476376,
  "LICENSES/MIT.txt": 1783562427.2144396,
  "docs/architecture.md": 1783562588.1610267,
  "docs/README.md": 1783564950.4404805,
  "docs/code-map.md": 1783562610.3490963,
  "docs/adr/0001-adopt-the-name-oiax.md": 1783562640.7172723,
  "docs/adr/0002-content-based-divergence-detection.md": 1783562650.5713909,
  "docs/adr/0003-pinned-configuration-ref.md": 1783562657.1029458,
  "docs/reference/cli.md": 1783564531.8186657,
  "docs/reference/configuration.md": 1783562626.403269
}